Use,RND,Rating2.0,ACS,K:D,ADR,KAST,KPR,APR,FKPR,FDPR,K,D,A,FK,FD,Agent,Player
(5) 50%,114,1.08,208.0,1.05,137.5,69%,0.71,0.25,0.09,0.08,81,77,28,10,9,viper,kingg
(4) 40%,87,1.2,221.8,1.36,143.5,79%,0.83,0.4,0.07,0.11,72,53,35,6,10,omen,kingg
(1) 10%,15,0.32,81.0,0.23,57.6,33%,0.2,0.2,0.07,0.2,3,13,3,1,3,vyse,kingg
(3) 38%,59,1.3,271.3,1.36,185.5,80%,0.97,0.2,0.2,0.17,57,42,12,12,10,yoru,sato
(2) 25%,50,0.87,224.0,0.95,147.8,66%,0.8,0.1,0.18,0.22,40,42,5,9,11,raze,sato
(2) 25%,42,0.84,212.5,0.94,140.5,71%,0.76,0.12,0.19,0.19,32,34,5,8,8,neon,sato
(1) 13%,15,0.35,140.0,0.47,81.3,53%,0.47,0.07,0.13,0.33,7,15,1,2,5,jett,sato
(23) 74%,491,1.04,202.1,1.05,128.0,76%,0.7,0.4,0.1,0.08,346,331,196,49,40,omen,valyn
(4) 13%,91,1.0,180.8,1.05,118.2,76%,0.67,0.3,0.08,0.04,61,58,27,7,4,astra,valyn
(4) 13%,85,1.21,219.0,1.25,141.2,79%,0.78,0.39,0.12,0.04,66,53,33,10,3,brimstone,valyn
(22) 71%,487,1.12,235.5,1.19,146.8,70%,0.84,0.18,0.18,0.13,411,346,88,90,63,yoru,jawgemo
(4) 13%,80,0.93,214.3,1.03,134.4,74%,0.76,0.2,0.19,0.18,61,59,16,15,14,neon,jawgemo
(4) 13%,77,1.15,239.0,1.48,136.4,73%,0.92,0.19,0.13,0.13,71,48,15,10,10,waylay,jawgemo
(1) 3%,23,0.6,141.0,0.5,101.0,61%,0.39,0.26,0.09,0.22,9,18,6,2,5,raze,jawgemo
(5) 36%,100,1.18,236.0,1.18,146.1,73%,0.79,0.33,0.1,0.06,79,67,33,10,6,viper,babybay
(3) 21%,64,0.9,186.0,0.89,126.0,70%,0.61,0.28,0.09,0.06,39,44,18,6,4,killjoy,babybay
(3) 21%,58,1.33,268.0,1.5,172.6,90%,0.93,0.29,0.28,0.09,54,36,17,16,5,chamber,babybay
(1) 7%,28,0.95,177.0,0.94,122.3,57%,0.61,0.18,0.07,0.18,17,18,5,2,5,veto,babybay
(1) 7%,20,1.02,165.0,1.2,100.2,85%,0.6,0.1,0.05,0.05,12,10,2,1,1,deadlock,babybay
(1) 7%,18,1.27,238.0,1.36,158.8,89%,0.83,0.39,0.28,0.0,15,11,7,5,0,vyse,babybay
(17) 55%,378,1.0,179.8,1.04,121.5,72%,0.66,0.24,0.05,0.08,248,239,91,20,32,tejo,trent
(12) 39%,242,1.03,172.9,1.05,112.4,76%,0.63,0.33,0.06,0.07,152,145,79,14,17,fade,trent
(2) 6%,47,1.14,184.5,1.11,127.6,68%,0.66,0.21,0.04,0.06,31,28,10,2,3,sova,trent
(10) 38%,223,1.06,206.6,1.1,140.2,72%,0.72,0.3,0.09,0.08,161,147,67,21,18,viper,leaf
(4) 15%,92,1.29,262.8,1.28,175.7,73%,0.93,0.16,0.2,0.12,86,67,15,18,11,chamber,leaf
(4) 15%,85,0.79,174.0,0.78,118.2,62%,0.6,0.26,0.09,0.13,51,65,22,8,11,deadlock,leaf
(4) 15%,82,1.01,205.8,1.04,124.6,79%,0.67,0.48,0.05,0.05,55,53,39,4,4,breach,leaf
(2) 8%,43,1.15,206.5,1.27,127.2,81%,0.77,0.35,0.09,0.12,33,26,15,4,5,fade,leaf
(1) 4%,23,1.03,178.0,1.0,115.4,65%,0.65,0.13,0.04,0.04,15,15,3,1,1,cypher,leaf
(1) 4%,17,1.37,174.0,2.4,117.0,94%,0.71,0.29,0.0,0.0,12,5,5,0,0,sage,leaf
(9) 32%,194,1.18,198.9,1.2,128.7,78%,0.7,0.35,0.04,0.06,136,113,67,8,11,viper,johnqt
(5) 18%,108,0.9,157.6,0.79,97.3,73%,0.51,0.38,0.06,0.03,55,70,41,7,3,sage,johnqt
(5) 18%,100,1.08,171.4,1.02,106.3,80%,0.62,0.48,0.07,0.02,62,61,48,7,2,omen,johnqt
(3) 11%,64,0.9,175.3,0.95,112.1,75%,0.66,0.25,0.05,0.06,42,44,16,3,4,tejo,johnqt
(3) 11%,62,1.26,230.7,1.26,147.4,76%,0.87,0.29,0.08,0.05,54,43,18,5,3,cypher,johnqt
(1) 4%,24,0.75,125.0,0.67,90.5,71%,0.42,0.33,0.0,0.04,10,15,8,0,1,astra,johnqt
(1) 4%,23,1.02,143.0,1.08,102.8,83%,0.57,0.22,0.04,0.0,13,12,5,1,0,sova,johnqt
(1) 4%,21,0.77,122.0,0.67,71.1,81%,0.38,0.48,0.0,0.05,8,12,10,0,1,fade,johnqt
(9) 32%,189,1.0,190.3,0.96,120.2,72%,0.65,0.4,0.11,0.11,123,128,75,21,20,fade,n4rrate
(5) 18%,100,1.05,238.8,1.0,157.9,68%,0.77,0.22,0.2,0.14,77,77,22,20,14,raze,n4rrate
(4) 14%,89,0.83,187.5,0.79,133.2,61%,0.64,0.22,0.06,0.1,57,72,20,5,9,sova,n4rrate
(4) 14%,86,0.86,189.5,0.97,125.6,70%,0.71,0.26,0.13,0.2,61,63,22,11,17,neon,n4rrate
(3) 11%,67,0.87,174.0,0.98,119.3,64%,0.69,0.09,0.13,0.27,46,47,6,9,18,waylay,n4rrate
(2) 7%,42,0.79,204.5,0.79,123.0,67%,0.64,0.21,0.26,0.24,27,34,9,11,10,yoru,n4rrate
(1) 4%,23,1.26,234.0,1.36,139.0,87%,0.83,0.3,0.09,0.04,19,14,7,2,1,omen,n4rrate
(8) 30%,184,0.94,207.4,1.0,133.1,68%,0.75,0.18,0.18,0.22,138,138,33,33,40,neon,reduxx
(8) 30%,168,1.07,227.4,1.16,142.5,71%,0.83,0.23,0.17,0.13,139,120,38,29,22,yoru,reduxx
(4) 15%,82,1.19,222.3,1.12,149.0,76%,0.79,0.4,0.16,0.11,65,58,33,13,9,omen,reduxx
(3) 11%,64,1.23,211.3,1.24,143.8,83%,0.72,0.45,0.16,0.02,46,37,29,10,1,astra,reduxx
(3) 11%,62,1.71,337.3,2.24,205.8,79%,1.23,0.11,0.24,0.11,76,34,7,15,7,chamber,reduxx
(1) 4%,14,0.23,126.0,0.31,82.9,57%,0.36,0.29,0.0,0.29,5,16,4,0,4,raze,reduxx
(14) 52%,300,1.01,184.9,1.03,120.6,73%,0.65,0.34,0.06,0.11,195,189,101,18,32,fade,kyu
(10) 37%,216,0.98,188.3,0.91,129.8,75%,0.63,0.31,0.03,0.06,136,149,66,7,14,sova,kyu
(3) 11%,58,0.77,144.3,0.76,96.5,71%,0.53,0.22,0.05,0.12,31,41,13,3,7,gekko,kyu
(11) 39%,237,1.11,203.5,1.26,127.8,74%,0.73,0.22,0.08,0.07,174,138,53,20,16,viper,cortezia
(8) 29%,167,1.29,241.6,1.48,166.6,80%,0.87,0.16,0.11,0.05,145,98,26,19,9,killjoy,cortezia
(5) 18%,110,1.12,208.6,1.34,143.1,75%,0.78,0.15,0.11,0.07,86,64,17,12,8,cypher,cortezia
(3) 11%,62,1.04,168.7,1.13,104.9,76%,0.58,0.31,0.08,0.05,36,32,19,5,3,omen,cortezia
(1) 4%,28,1.16,223.0,1.22,151.9,64%,0.79,0.18,0.14,0.07,22,18,5,4,2,vyse,cortezia
(69) 82%,1371,1.14,195.7,1.18,133.0,77%,0.68,0.32,0.07,0.06,938,797,444,90,80,sova,vora
(15) 18%,302,1.03,185.5,0.99,118.1,77%,0.63,0.42,0.05,0.05,191,193,126,16,16,fade,vora
(4) 67%,74,0.98,205.3,1.0,135.4,81%,0.7,0.32,0.08,0.12,52,52,24,6,9,yoru,cryocells
(1) 17%,26,1.36,263.0,1.41,166.7,81%,0.92,0.19,0.31,0.04,24,17,5,8,1,chamber,cryocells
(1) 17%,26,1.59,362.0,1.75,228.6,88%,1.35,0.08,0.31,0.15,35,20,2,8,4,jett,cryocells
(3) 50%,57,0.64,134.0,0.58,89.5,75%,0.44,0.21,0.09,0.28,25,43,12,5,16,neon,asuna
(1) 17%,26,0.68,140.0,0.58,97.4,69%,0.42,0.35,0.08,0.12,11,19,9,2,3,yoru,asuna
(1) 17%,26,0.92,140.0,0.81,101.4,65%,0.5,0.42,0.04,0.04,13,16,11,1,1,sage,asuna
(1) 17%,17,1.92,304.0,4.0,201.3,94%,1.18,0.24,0.18,0.0,20,5,4,3,0,raze,asuna
(35) 42%,723,1.26,272.5,1.38,169.8,74%,0.96,0.16,0.23,0.17,697,504,118,164,124,jett,timotino
(26) 31%,504,1.14,263.9,1.22,167.3,74%,0.91,0.23,0.2,0.2,459,377,114,102,101,raze,timotino
(12) 14%,230,1.19,263.8,1.32,160.1,77%,0.91,0.22,0.22,0.21,210,159,51,50,48,neon,timotino
(6) 7%,110,1.25,256.3,1.46,158.5,73%,0.9,0.31,0.13,0.12,99,68,34,14,13,waylay,timotino
(4) 5%,85,0.96,220.5,0.93,144.7,74%,0.73,0.26,0.16,0.18,62,67,22,14,15,yoru,timotino
(1) 1%,21,1.26,296.0,1.47,179.4,71%,1.05,0.1,0.29,0.19,22,15,2,6,4,iso,timotino
(11) 73%,232,0.83,148.0,0.76,95.9,70%,0.53,0.38,0.06,0.08,123,162,87,13,19,omen,bang
(3) 20%,67,1.01,200.3,0.96,132.8,70%,0.66,0.21,0.09,0.09,44,46,14,6,6,viper,bang
(1) 7%,23,0.91,175.0,1.15,116.9,74%,0.65,0.22,0.09,0.04,15,13,5,2,1,astra,bang
(2) 67%,47,0.88,186.0,0.94,117.2,64%,0.66,0.19,0.17,0.13,31,33,9,8,6,yoru,dantedeu5
(1) 33%,19,0.87,184.0,0.79,132.5,63%,0.58,0.37,0.11,0.16,11,14,7,2,3,neon,dantedeu5
(2) 67%,40,0.99,204.0,1.04,137.1,75%,0.73,0.23,0.1,0.08,29,28,9,4,3,sova,mazino
(1) 33%,26,1.21,264.0,1.38,173.5,81%,0.85,0.31,0.12,0.08,22,16,8,3,2,fade,mazino
(7) 29%,154,0.95,199.6,0.93,134.5,75%,0.7,0.34,0.08,0.05,108,116,52,12,8,vyse,xeppaa
(6) 25%,129,1.07,196.5,1.12,121.7,75%,0.72,0.26,0.07,0.05,93,83,34,9,7,fade,xeppaa
(4) 17%,100,1.0,182.0,1.03,116.3,76%,0.68,0.35,0.06,0.07,68,66,35,6,7,skye,xeppaa
(4) 17%,93,0.86,194.0,0.91,135.9,69%,0.65,0.17,0.04,0.09,60,66,16,4,8,killjoy,xeppaa
(3) 13%,70,0.81,146.0,0.82,94.7,70%,0.51,0.17,0.09,0.04,36,44,12,6,3,sova,xeppaa
(18) 75%,405,1.02,192.7,0.97,125.9,76%,0.66,0.45,0.08,0.08,268,275,181,32,31,omen,v1c
(2) 8%,48,0.94,194.5,1.03,131.3,71%,0.69,0.15,0.15,0.21,33,32,7,7,10,iso,v1c
(2) 8%,47,0.77,160.5,0.93,102.9,66%,0.55,0.15,0.11,0.11,26,28,7,5,5,viper,v1c
(2) 8%,46,1.13,201.0,1.14,124.3,80%,0.72,0.28,0.07,0.04,33,29,13,3,2,astra,v1c
(7) 25%,157,0.83,171.7,0.8,116.5,67%,0.57,0.15,0.1,0.11,89,111,24,16,17,killjoy,zellsis
(6) 21%,127,0.93,181.8,0.92,119.1,76%,0.63,0.32,0.07,0.09,80,87,41,9,12,vyse,zellsis
(4) 14%,96,0.92,168.8,0.89,110.9,73%,0.6,0.21,0.06,0.13,58,65,20,6,12,viper,zellsis
(3) 11%,68,1.07,186.7,0.96,124.7,81%,0.63,0.56,0.07,0.06,43,45,38,5,4,brimstone,zellsis
(3) 11%,64,1.19,219.7,1.47,144.2,84%,0.73,0.48,0.05,0.09,47,32,31,3,6,sage,zellsis
(3) 11%,62,0.96,187.7,0.84,127.8,77%,0.61,0.63,0.05,0.06,38,45,39,3,4,breach,zellsis
(1) 4%,24,0.65,159.0,0.63,109.7,79%,0.5,0.29,0.08,0.13,12,19,7,2,3,omen,zellsis
(1) 4%,23,1.07,195.0,1.14,121.1,78%,0.7,0.57,0.17,0.09,16,14,13,4,2,kayo,zellsis
(17) 31%,371,1.27,265.8,1.37,170.3,75%,0.91,0.25,0.18,0.14,339,247,94,66,51,raze,penny
(11) 20%,225,1.29,254.4,1.39,160.6,76%,0.88,0.29,0.19,0.12,199,143,66,42,28,yoru,penny
(6) 11%,116,1.18,248.2,1.28,160.4,72%,0.9,0.18,0.16,0.17,104,81,21,18,20,neon,penny
(5) 9%,92,1.46,323.0,1.72,200.7,77%,1.14,0.26,0.23,0.18,105,61,24,21,17,jett,penny
(3) 6%,65,1.17,219.3,1.21,138.2,80%,0.78,0.25,0.05,0.05,51,42,16,3,3,viper,penny
(3) 6%,64,1.2,232.7,1.36,156.5,77%,0.83,0.22,0.17,0.06,53,39,14,11,4,chamber,penny
(2) 4%,43,0.99,217.0,1.0,125.6,56%,0.79,0.19,0.12,0.12,34,34,8,5,5,waylay,penny
(1) 2%,24,0.71,150.0,0.82,97.3,67%,0.58,0.08,0.04,0.17,14,17,2,1,4,veto,penny
(1) 2%,22,1.14,169.0,1.08,115.4,64%,0.64,0.45,0.05,0.0,14,13,10,1,0,fade,penny
(1) 2%,19,1.02,177.0,1.0,130.6,79%,0.58,0.26,0.0,0.11,11,11,5,0,2,sova,penny
(1) 2%,18,1.14,230.0,1.36,148.7,78%,0.83,0.39,0.11,0.17,15,11,7,2,3,phoenix,penny
(1) 2%,16,1.24,245.0,1.44,159.9,81%,0.81,0.38,0.06,0.13,13,9,6,1,2,vyse,penny
(1) 2%,16,1.49,305.0,1.7,205.5,88%,1.06,0.5,0.06,0.06,17,10,8,1,1,iso,penny
(1) 2%,15,1.55,217.0,3.0,157.4,87%,1.0,0.07,0.0,0.0,15,5,1,0,0,killjoy,penny
(8) 33%,188,1.09,245.0,1.1,163.3,76%,0.85,0.21,0.18,0.16,159,145,40,33,31,raze,oxy
(7) 29%,148,0.98,205.4,1.05,133.4,68%,0.78,0.15,0.16,0.17,115,110,22,24,25,neon,oxy
(3) 13%,76,1.18,256.3,1.27,170.9,71%,0.92,0.14,0.17,0.11,70,55,11,13,8,chamber,oxy
(2) 8%,46,0.75,158.5,0.79,101.8,65%,0.57,0.15,0.11,0.22,26,33,7,5,10,waylay,oxy
(2) 8%,45,1.08,222.0,1.16,128.9,73%,0.82,0.13,0.2,0.16,37,32,6,9,7,jett,oxy
(2) 8%,43,1.07,235.5,1.09,152.5,67%,0.84,0.28,0.12,0.16,36,33,12,5,7,yoru,oxy
(1) 50%,26,0.6,125.0,0.61,85.9,73%,0.42,0.31,0.0,0.15,11,18,8,0,4,sova,nature
(1) 50%,17,0.86,174.0,0.85,105.5,71%,0.65,0.24,0.06,0.18,11,13,4,1,3,fade,nature
(2) 100%,43,0.66,139.5,0.56,103.6,56%,0.44,0.21,0.02,0.09,19,34,9,1,4,viper,supamen
(15) 38%,324,1.01,184.7,0.94,118.3,75%,0.62,0.51,0.07,0.1,201,213,165,22,34,kayo,ethan
(8) 21%,179,0.88,160.5,0.8,112.4,70%,0.54,0.35,0.08,0.13,97,122,62,14,23,omen,ethan
(6) 15%,123,1.11,200.5,1.17,125.4,76%,0.72,0.33,0.11,0.06,89,76,41,13,7,fade,ethan
(4) 10%,75,1.44,260.5,1.67,158.4,84%,0.93,0.55,0.08,0.05,70,42,41,6,4,harbor,ethan
(3) 8%,65,1.29,245.0,1.23,157.7,75%,0.82,0.43,0.09,0.06,53,43,28,6,4,breach,ethan
(2) 5%,44,0.95,210.5,1.0,148.9,68%,0.73,0.16,0.05,0.14,32,32,7,2,6,tejo,ethan
(1) 3%,17,0.8,194.0,0.67,138.9,59%,0.59,0.47,0.0,0.0,10,15,8,0,0,skye,ethan
(12) 52%,249,1.08,203.2,1.06,132.9,75%,0.73,0.35,0.12,0.1,182,171,87,29,25,omen,keiko
(6) 26%,129,1.08,223.7,1.12,150.7,71%,0.81,0.15,0.15,0.12,105,94,19,19,16,raze,keiko
(3) 13%,72,1.05,185.3,0.98,125.4,79%,0.64,0.43,0.06,0.03,46,47,31,4,2,brimstone,keiko
(2) 9%,44,1.04,178.0,0.97,123.5,64%,0.66,0.07,0.07,0.07,29,30,3,3,3,killjoy,keiko
(30) 77%,643,1.15,223.7,1.15,145.8,76%,0.72,0.34,0.08,0.05,466,405,220,49,30,sova,brawk
(6) 15%,123,1.25,235.5,1.45,145.0,78%,0.87,0.28,0.07,0.07,107,74,35,8,8,vyse,brawk
(2) 5%,44,0.83,152.0,0.75,106.8,52%,0.55,0.27,0.02,0.07,24,32,12,1,3,fade,brawk
(1) 3%,17,0.77,165.0,0.69,126.6,59%,0.53,0.18,0.06,0.06,9,13,3,1,1,killjoy,brawk
(11) 28%,239,1.11,235.7,1.28,152.0,71%,0.84,0.19,0.22,0.19,201,157,45,52,46,waylay,mada
(9) 23%,184,0.93,216.6,0.92,143.5,70%,0.73,0.22,0.19,0.17,135,146,40,35,32,raze,mada
(7) 18%,136,0.93,212.0,0.94,136.7,64%,0.74,0.26,0.17,0.21,101,107,35,23,28,neon,mada
(6) 15%,144,1.16,230.0,1.31,148.0,70%,0.83,0.17,0.16,0.16,119,91,24,23,23,yoru,mada
(6) 15%,124,1.0,205.0,1.09,128.8,71%,0.72,0.14,0.2,0.23,89,82,17,25,28,jett,mada
(20) 51%,418,1.07,194.3,1.13,127.6,79%,0.7,0.33,0.08,0.08,291,257,138,33,33,viper,skuba
(8) 21%,193,1.07,199.8,1.16,127.2,73%,0.73,0.23,0.07,0.06,140,121,45,13,11,vyse,skuba
(6) 15%,107,0.91,153.8,0.9,105.8,69%,0.58,0.12,0.03,0.07,62,69,13,3,7,killjoy,skuba
(3) 8%,65,0.87,163.7,0.95,108.5,72%,0.6,0.25,0.05,0.06,39,41,16,3,4,cypher,skuba
(2) 5%,44,0.95,163.5,0.82,112.2,77%,0.52,0.34,0.11,0.05,23,28,15,5,2,astra,skuba
(10) 67%,221,0.98,156.8,0.97,97.4,79%,0.55,0.51,0.07,0.08,122,126,113,15,17,omen,xenom
(3) 20%,68,0.99,142.7,1.03,87.4,78%,0.54,0.44,0.03,0.01,37,36,30,2,1,astra,xenom
(2) 13%,41,0.88,165.0,0.75,103.7,76%,0.51,0.78,0.02,0.05,21,28,32,1,2,brimstone,xenom
(13) 87%,289,1.06,202.6,1.18,131.8,75%,0.68,0.31,0.1,0.06,196,166,90,29,17,sova,verno
(2) 13%,41,0.98,177.5,0.96,111.5,83%,0.59,0.49,0.07,0.05,24,25,20,3,2,fade,verno
(5) 33%,97,1.35,266.8,1.65,169.6,84%,0.97,0.2,0.21,0.04,94,57,19,20,4,neon,aspas
(4) 27%,96,1.24,235.5,1.6,143.4,77%,0.89,0.13,0.17,0.09,85,53,12,16,9,waylay,aspas
(4) 27%,96,1.38,274.3,1.78,173.7,77%,1.02,0.08,0.23,0.08,98,55,8,22,8,jett,aspas
(2) 13%,41,1.37,275.5,1.56,181.8,80%,1.02,0.12,0.22,0.05,42,27,5,9,2,raze,aspas
(13) 65%,279,0.9,160.5,0.89,106.7,67%,0.58,0.25,0.02,0.05,163,183,69,6,13,fade,patmen
(5) 25%,120,0.8,155.6,0.75,108.2,69%,0.51,0.21,0.04,0.08,61,81,25,5,10,sova,patmen
(2) 10%,37,0.71,144.5,0.87,88.8,70%,0.54,0.05,0.11,0.08,20,23,2,4,3,viper,patmen
(13) 65%,279,1.12,243.8,1.18,159.2,76%,0.84,0.22,0.14,0.15,233,198,62,38,42,raze,jinggg
(5) 25%,120,1.0,203.2,1.09,130.4,72%,0.73,0.32,0.13,0.09,87,80,38,16,11,sage,jinggg
(2) 10%,37,0.83,167.5,0.88,106.7,62%,0.62,0.27,0.05,0.03,23,26,10,2,1,omen,jinggg
(14) 70%,311,1.05,213.4,1.05,133.8,73%,0.75,0.43,0.09,0.11,234,222,133,28,33,omen,f0rsaken
(4) 20%,88,1.11,232.8,1.18,156.4,76%,0.82,0.41,0.09,0.1,72,61,36,8,9,brimstone,f0rsaken
(2) 10%,37,0.86,233.0,0.97,149.0,65%,0.81,0.24,0.14,0.24,30,31,9,5,9,waylay,f0rsaken
(14) 70%,311,1.0,186.0,0.99,127.5,72%,0.65,0.26,0.05,0.08,202,204,81,16,26,vyse,d4v41
(4) 20%,88,1.08,182.0,1.2,126.1,75%,0.69,0.26,0.03,0.1,61,51,23,3,9,viper,d4v41
(2) 10%,37,0.96,140.0,1.11,92.2,68%,0.57,0.27,0.05,0.05,21,19,10,2,2,sage,d4v41
(18) 90%,399,1.09,218.9,1.16,139.1,73%,0.78,0.24,0.18,0.14,310,268,97,72,56,yoru,something
(2) 10%,37,1.58,292.5,2.11,184.2,86%,1.08,0.43,0.14,0.05,40,19,16,5,2,sova,something
(20) 71%,436,0.97,167.8,0.95,108.2,72%,0.59,0.39,0.07,0.09,258,273,171,31,40,omen,mako
(6) 21%,123,1.12,184.3,1.26,116.5,77%,0.67,0.37,0.07,0.05,83,66,46,8,6,brimstone,mako
(2) 7%,37,1.37,209.5,1.81,143.7,86%,0.78,0.54,0.03,0.11,29,16,20,1,4,astra,mako
(3) 50%,61,0.9,219.7,0.87,147.7,72%,0.66,0.34,0.18,0.21,40,46,21,11,13,waylay,flicker
(2) 33%,37,0.95,221.5,1.07,127.6,81%,0.78,0.24,0.19,0.14,29,27,9,7,5,neon,flicker
(1) 17%,21,1.13,259.0,1.11,168.9,76%,0.95,0.1,0.14,0.14,20,18,2,3,3,raze,flicker
(28) 74%,598,1.08,232.6,1.2,148.8,69%,0.84,0.17,0.16,0.14,504,421,99,95,85,yoru,flashback
(6) 16%,121,1.15,269.5,1.23,169.0,74%,0.97,0.19,0.2,0.2,117,95,23,24,24,jett,flashback
(3) 8%,64,0.79,194.0,0.84,125.1,56%,0.67,0.11,0.2,0.25,43,51,7,13,16,neon,flashback
(1) 3%,19,1.26,314.0,1.4,221.2,84%,1.11,0.26,0.16,0.05,21,15,5,3,1,raze,flashback
(10) 26%,213,0.9,157.1,0.92,103.4,69%,0.57,0.18,0.07,0.07,122,133,39,14,14,cypher,free1ng
(9) 24%,197,0.87,161.2,0.87,108.7,65%,0.57,0.2,0.08,0.11,112,129,40,16,21,vyse,free1ng
(9) 24%,194,0.88,179.0,0.94,119.9,69%,0.63,0.23,0.11,0.07,122,130,44,21,14,viper,free1ng
(5) 13%,95,1.17,249.4,1.27,152.0,71%,0.89,0.23,0.19,0.11,85,67,22,18,10,reyna,free1ng
(3) 8%,66,0.9,250.0,0.87,165.1,68%,0.83,0.21,0.12,0.09,55,63,14,8,6,clove,free1ng
(2) 5%,37,1.1,238.0,1.24,151.6,73%,0.84,0.24,0.22,0.05,31,25,9,8,2,killjoy,free1ng
(21) 95%,456,1.02,211.1,1.09,139.9,68%,0.75,0.2,0.11,0.09,343,314,89,52,41,waylay,hyunmin
(1) 5%,21,1.13,246.0,1.46,172.8,57%,0.9,0.14,0.05,0.14,19,13,3,1,3,raze,hyunmin
(8) 47%,158,1.14,246.1,1.19,156.0,78%,0.85,0.31,0.11,0.07,135,113,49,18,11,viper,kellys
(4) 24%,98,1.09,209.5,1.07,142.3,78%,0.73,0.46,0.04,0.12,72,67,45,4,12,kayo,kellys
(4) 24%,91,0.9,180.5,1.05,121.6,69%,0.71,0.14,0.07,0.11,65,62,13,6,10,cypher,kellys
(1) 6%,17,0.52,129.0,0.47,85.4,53%,0.41,0.24,0.06,0.12,7,15,4,1,2,breach,kellys
(6) 86%,126,1.25,258.3,1.31,174.4,75%,0.91,0.23,0.13,0.14,115,88,29,16,18,yoru,invy
(1) 14%,17,0.9,188.0,0.8,112.4,76%,0.71,0.41,0.06,0.18,12,15,7,1,3,kayo,invy
(11) 65%,233,0.96,176.1,0.92,111.4,73%,0.65,0.39,0.09,0.04,151,164,91,21,10,omen,sylvan
(3) 18%,77,0.93,163.0,0.87,106.2,73%,0.58,0.29,0.1,0.08,45,52,22,8,6,astra,sylvan
(3) 18%,54,1.42,221.7,1.72,136.2,83%,0.8,0.48,0.07,0.04,43,25,26,4,2,brimstone,sylvan
(11) 65%,246,0.97,187.0,0.86,129.3,71%,0.61,0.29,0.06,0.05,149,174,71,15,13,sova,jessievash
(5) 29%,99,0.86,141.2,0.79,94.1,71%,0.48,0.33,0.03,0.05,48,61,33,3,5,fade,jessievash
(1) 6%,19,1.15,203.0,1.25,123.2,74%,0.79,0.21,0.11,0.0,15,12,4,2,0,gekko,jessievash
(2) 40%,45,0.76,144.5,0.64,109.9,58%,0.47,0.18,0.07,0.09,21,33,8,3,4,viper,crws
(1) 20%,23,0.76,145.0,0.65,90.9,78%,0.48,0.57,0.09,0.17,11,17,13,2,4,omen,crws
(1) 20%,20,1.31,218.0,1.56,128.8,85%,0.7,0.45,0.05,0.05,14,9,9,1,1,deadlock,crws
(1) 20%,17,1.29,188.0,1.43,129.6,88%,0.59,0.59,0.12,0.06,10,7,10,2,1,brimstone,crws
(4) 80%,88,0.91,185.8,0.97,126.1,70%,0.69,0.19,0.06,0.05,61,63,17,5,4,sova,killua
(1) 20%,17,0.94,173.0,0.91,129.0,94%,0.59,0.41,0.06,0.06,10,11,7,1,1,fade,killua
(2) 40%,43,1.01,196.5,1.14,131.7,65%,0.74,0.16,0.12,0.09,32,28,7,5,4,raze,thyy
(1) 20%,23,0.76,201.0,0.8,130.2,57%,0.7,0.13,0.26,0.09,16,20,3,6,2,yoru,thyy
(1) 20%,20,1.03,198.0,1.0,137.3,90%,0.7,0.55,0.15,0.0,14,14,11,3,0,omen,thyy
(1) 20%,19,0.9,224.0,0.94,133.9,58%,0.84,0.0,0.16,0.21,16,17,0,3,4,jett,thyy
(2) 40%,43,1.12,202.5,1.19,127.4,79%,0.72,0.23,0.09,0.09,31,26,10,4,4,cypher,jitboys
(1) 20%,26,0.99,240.0,1.1,141.5,73%,0.85,0.38,0.15,0.08,22,20,10,4,2,omen,jitboys
(1) 20%,19,0.5,129.0,0.53,98.4,47%,0.42,0.05,0.05,0.21,8,15,1,1,4,killjoy,jitboys
(1) 20%,17,1.58,300.0,2.11,164.9,82%,1.12,0.29,0.12,0.06,19,9,5,2,1,viper,jitboys
(2) 40%,45,0.74,176.0,0.69,106.6,67%,0.53,0.38,0.09,0.11,24,35,17,4,5,sage,primmie
(2) 40%,37,1.51,285.0,1.86,172.7,81%,1.11,0.14,0.27,0.16,41,22,5,10,6,yoru,primmie
(1) 20%,23,0.82,187.0,0.94,121.3,52%,0.7,0.09,0.0,0.09,16,17,2,0,2,deadlock,primmie
(6) 38%,121,0.98,176.3,0.91,122.2,70%,0.61,0.4,0.07,0.07,74,81,49,8,9,omen,crazyguy
(3) 19%,64,0.58,126.7,0.53,91.7,64%,0.41,0.22,0.0,0.11,26,49,14,0,7,tejo,crazyguy
(3) 19%,55,0.84,150.7,0.68,108.9,71%,0.45,0.38,0.0,0.07,25,37,21,0,4,sova,crazyguy
(2) 13%,46,1.1,175.5,1.0,126.9,65%,0.61,0.37,0.07,0.11,28,28,17,3,5,breach,crazyguy
(1) 6%,19,0.86,128.0,0.9,90.2,74%,0.47,0.63,0.0,0.05,9,10,12,0,1,sage,crazyguy
(1) 6%,17,0.54,130.0,0.57,93.1,65%,0.47,0.18,0.0,0.24,8,14,3,0,4,brimstone,crazyguy
(12) 46%,257,0.98,195.2,0.95,126.6,73%,0.7,0.36,0.1,0.09,179,189,93,26,24,omen,monyet
(7) 27%,144,1.0,218.7,1.04,141.6,69%,0.76,0.28,0.09,0.13,109,105,41,13,19,neon,monyet
(3) 12%,57,1.07,236.3,1.12,154.6,74%,0.82,0.21,0.11,0.21,47,42,12,6,12,raze,monyet
(2) 8%,45,0.88,246.5,1.0,148.0,64%,0.82,0.27,0.13,0.16,37,37,12,6,7,clove,monyet
(1) 4%,21,0.73,173.0,0.76,119.4,67%,0.62,0.24,0.0,0.14,13,17,5,0,3,astra,monyet
(1) 4%,19,1.74,317.0,2.33,207.6,74%,1.11,0.47,0.21,0.11,21,9,9,4,2,viper,monyet
(10) 38%,203,0.89,175.6,0.89,116.7,69%,0.61,0.22,0.09,0.09,124,139,45,19,19,cypher,xffero
(8) 31%,169,1.1,211.1,1.12,137.7,70%,0.76,0.18,0.09,0.12,128,114,31,16,21,viper,xffero
(2) 8%,45,0.97,193.5,1.17,129.3,60%,0.76,0.11,0.09,0.18,34,29,5,4,8,yoru,xffero
(2) 8%,42,1.19,250.5,1.33,168.2,64%,0.86,0.17,0.14,0.12,36,27,7,6,5,killjoy,xffero
(2) 8%,42,1.32,274.0,1.4,175.9,79%,1.0,0.43,0.12,0.07,42,30,18,5,3,clove,xffero
(1) 4%,21,1.29,246.0,1.38,163.1,76%,0.86,0.24,0.33,0.19,18,13,5,7,4,chamber,xffero
(1) 4%,21,0.92,171.0,1.0,129.6,62%,0.57,0.19,0.1,0.19,12,12,4,2,4,deadlock,xffero
(8) 50%,161,0.86,189.1,0.91,120.8,61%,0.71,0.12,0.16,0.15,114,125,20,25,24,yoru,jemkin
(4) 25%,87,0.96,197.8,1.0,132.0,68%,0.74,0.16,0.08,0.13,64,64,14,7,11,waylay,jemkin
(4) 25%,74,1.34,278.3,1.57,179.5,69%,0.97,0.16,0.22,0.12,72,46,12,16,9,jett,jemkin
(13) 50%,280,1.02,197.1,1.01,129.1,72%,0.71,0.24,0.09,0.09,198,197,68,24,25,fade,kushy
(9) 35%,187,1.02,194.4,0.99,132.2,67%,0.67,0.25,0.07,0.06,126,127,46,14,11,sova,kushy
(3) 12%,55,0.87,169.7,0.73,107.4,67%,0.55,0.51,0.09,0.13,30,41,28,5,7,kayo,kushy
(1) 4%,21,1.3,269.0,1.69,157.9,81%,1.05,0.24,0.1,0.05,22,13,5,2,1,skye,kushy
(6) 43%,118,1.12,226.8,1.1,150.9,74%,0.78,0.31,0.04,0.06,92,84,37,5,7,omen,stax
(4) 29%,94,0.71,145.3,0.65,95.1,63%,0.5,0.34,0.02,0.06,47,72,32,2,6,fade,stax
(2) 14%,54,0.82,149.0,0.76,105.2,72%,0.48,0.26,0.04,0.07,26,34,14,2,4,sova,stax
(1) 7%,23,1.05,175.0,1.0,132.1,74%,0.7,0.22,0.09,0.0,16,16,5,2,0,astra,stax
(1) 7%,18,1.48,282.0,1.55,190.8,89%,0.94,0.78,0.0,0.0,17,11,14,0,0,brimstone,stax
(4) 29%,94,0.84,186.8,0.74,123.7,61%,0.61,0.14,0.17,0.09,57,77,13,16,8,vyse,meteor
(4) 29%,83,0.88,216.0,0.97,143.7,58%,0.8,0.11,0.1,0.13,66,68,9,8,11,viper,meteor
(3) 21%,53,1.06,235.7,1.16,146.5,77%,0.83,0.26,0.15,0.15,44,38,14,8,8,waylay,meteor
(2) 14%,54,1.39,283.5,1.43,180.1,81%,0.98,0.24,0.17,0.06,53,37,13,9,3,cypher,meteor
(1) 7%,23,0.85,217.0,0.85,153.0,65%,0.74,0.22,0.04,0.13,17,20,5,1,3,reyna,meteor
(9) 82%,212,0.89,199.6,0.93,131.4,67%,0.71,0.23,0.06,0.17,150,161,49,13,36,neon,buzz
(1) 9%,19,0.68,172.0,0.56,104.4,74%,0.53,0.32,0.16,0.21,10,18,6,3,4,waylay,buzz
(1) 9%,14,1.21,266.0,1.0,174.9,64%,0.93,0.21,0.07,0.14,13,13,3,1,2,omen,buzz
(6) 43%,148,0.98,186.0,0.9,122.4,68%,0.64,0.39,0.07,0.11,95,106,57,10,16,omen,dh
(4) 29%,79,0.78,193.3,0.8,130.4,66%,0.67,0.18,0.09,0.11,53,66,14,7,9,sova,dh
(2) 14%,43,0.77,171.5,0.78,119.6,60%,0.58,0.28,0.07,0.12,25,32,12,3,5,fade,dh
(1) 7%,19,0.97,245.0,1.07,152.8,63%,0.84,0.21,0.21,0.32,16,15,4,4,6,waylay,dh
(1) 7%,18,0.78,110.0,0.7,89.6,72%,0.39,0.56,0.0,0.17,7,10,10,0,3,skye,dh
(5) 45%,127,1.09,217.0,1.14,127.3,73%,0.78,0.17,0.16,0.09,99,87,21,20,11,yoru,izu
(2) 18%,46,1.23,210.5,1.21,136.5,83%,0.76,0.37,0.11,0.0,35,29,17,5,0,sage,izu
(1) 9%,21,0.74,188.0,0.82,109.3,52%,0.67,0.05,0.05,0.19,14,17,1,1,4,waylay,izu
(1) 9%,19,1.14,268.0,1.19,156.3,68%,1.0,0.21,0.05,0.0,19,16,4,1,0,skye,izu
(1) 9%,18,0.7,168.0,0.6,110.2,61%,0.5,0.11,0.06,0.11,9,15,2,1,2,killjoy,izu
(1) 9%,14,0.8,168.0,0.62,105.1,64%,0.57,0.29,0.0,0.0,8,13,4,0,0,sova,izu
(4) 44%,79,0.86,178.3,0.87,112.6,70%,0.66,0.19,0.1,0.19,52,60,15,8,15,waylay,udotan
(3) 33%,69,1.14,240.0,1.07,154.7,65%,0.84,0.29,0.04,0.04,58,54,20,3,3,omen,udotan
(2) 22%,41,1.12,236.0,1.21,153.2,66%,0.85,0.12,0.15,0.17,35,29,5,6,7,jett,udotan
(12) 55%,265,1.09,221.0,1.09,152.9,74%,0.77,0.25,0.09,0.05,203,186,65,23,13,sova,kr1stal
(9) 41%,176,1.13,213.7,1.14,135.0,74%,0.76,0.28,0.09,0.1,133,117,50,15,18,fade,kr1stal
(1) 5%,24,0.95,203.0,1.0,126.0,71%,0.75,0.08,0.13,0.04,18,18,2,3,1,chamber,kr1stal
(4) 50%,95,0.99,198.3,0.99,122.3,80%,0.71,0.49,0.05,0.08,67,68,47,5,8,omen,papi
(2) 25%,38,0.87,175.5,1.0,106.7,74%,0.66,0.24,0.03,0.03,25,25,9,1,1,brimstone,papi
(2) 25%,36,0.85,147.0,0.7,95.6,69%,0.53,0.33,0.03,0.06,19,27,12,1,2,astra,papi
(10) 33%,219,1.22,228.1,1.22,158.2,76%,0.79,0.3,0.06,0.07,174,143,66,14,16,sova,xavi8k
(5) 17%,114,1.21,229.4,1.27,143.3,78%,0.79,0.39,0.18,0.06,90,71,44,21,7,sage,xavi8k
(4) 13%,81,1.1,221.3,1.05,129.7,72%,0.74,0.47,0.04,0.06,60,57,38,3,5,fade,xavi8k
(4) 13%,78,1.21,235.0,1.24,154.7,79%,0.81,0.55,0.1,0.04,63,51,43,8,3,kayo,xavi8k
(3) 10%,73,0.83,175.0,0.78,122.4,59%,0.59,0.19,0.08,0.08,43,55,14,6,6,cypher,xavi8k
(2) 7%,40,1.2,240.0,1.32,156.7,88%,0.83,0.43,0.1,0.03,33,25,17,4,1,vyse,xavi8k
(1) 3%,22,1.0,209.0,1.06,140.9,73%,0.77,0.36,0.05,0.09,17,16,8,1,2,breach,xavi8k
(1) 3%,17,1.48,250.0,1.8,161.9,88%,1.06,0.12,0.06,0.0,18,10,2,1,0,viper,xavi8k
(6) 35%,132,1.11,223.2,1.28,140.8,82%,0.86,0.23,0.22,0.11,113,88,31,24,12,yoru,autumn
(3) 18%,59,,202.7,1.08,,,0.73,0.12,,,43,40,7,0,0,killjoy,autumn
(2) 12%,38,1.35,257.5,1.95,150.5,76%,0.97,0.11,0.21,0.08,37,19,4,8,3,chamber,autumn
(2) 12%,34,,265.0,1.33,,,0.94,0.21,,,32,24,7,0,0,vyse,autumn
(1) 6%,28,,246.0,1.05,,,0.79,0.39,,,22,21,11,0,0,reyna,autumn
(1) 6%,24,,245.0,1.05,,,0.83,0.13,,,20,19,3,0,0,phoenix,autumn
(1) 6%,23,,280.0,1.1,,,0.96,0.26,,,22,20,6,0,0,raze,autumn
(1) 6%,22,1.07,239.0,1.2,153.1,64%,0.82,0.09,0.09,0.18,18,15,2,2,4,cypher,autumn
(5) 83%,91,0.87,193.8,0.79,117.8,70%,0.66,0.36,0.02,0.04,60,76,33,2,4,omen,sugarz3ro
(1) 17%,14,1.25,213.0,1.38,121.9,93%,0.79,0.64,0.07,0.0,11,8,9,1,0,brimstone,sugarz3ro
(2) 33%,39,1.08,187.5,1.09,135.8,69%,0.62,0.28,0.08,0.08,24,22,11,3,3,sova,xdll
(2) 33%,36,0.59,128.0,0.61,78.6,69%,0.47,0.08,0.06,0.08,17,28,3,2,3,fade,xdll
(2) 33%,30,0.73,146.0,0.7,94.3,63%,0.53,0.27,0.07,0.13,16,23,8,2,4,skye,xdll
(7) 70%,148,0.95,231.0,0.93,145.6,73%,0.77,0.26,0.16,0.18,114,122,38,24,26,neon,eko
(3) 30%,47,1.16,249.0,1.17,157.9,68%,0.87,0.26,0.11,0.15,41,35,12,5,7,waylay,eko
(10) 37%,214,0.94,207.6,1.03,131.2,68%,0.75,0.15,0.17,0.18,161,156,33,36,38,yoru,absol
(10) 37%,203,0.97,221.6,1.0,140.6,67%,0.76,0.24,0.16,0.16,154,154,48,33,32,neon,absol
(5) 19%,90,0.81,175.2,0.86,121.1,63%,0.61,0.13,0.14,0.17,55,64,12,13,15,raze,absol
(1) 4%,19,0.69,122.0,0.46,86.1,68%,0.32,0.53,0.0,0.11,6,13,10,0,2,kayo,absol
(1) 4%,17,0.81,166.0,0.77,98.4,59%,0.59,0.18,0.12,0.18,10,13,3,2,3,jett,absol
(3) 50%,49,0.97,206.7,1.0,125.8,73%,0.69,0.12,0.16,0.1,34,34,6,8,5,viper,honeybunny
(2) 33%,39,0.68,142.0,0.67,97.8,67%,0.51,0.23,0.0,0.05,20,30,9,0,2,cypher,honeybunny
(1) 17%,17,0.43,106.0,0.4,62.8,47%,0.35,0.12,0.12,0.18,6,15,2,2,3,vyse,honeybunny
(8) 67%,175,1.16,216.8,1.2,147.9,73%,0.73,0.29,0.11,0.04,128,107,51,20,7,sova,mrfalin
(2) 17%,42,0.79,160.5,0.8,105.4,79%,0.57,0.26,0.1,0.14,24,30,11,4,6,fade,mrfalin
(1) 8%,21,1.23,235.0,1.2,146.5,81%,0.86,0.62,0.05,0.1,18,15,13,1,2,breach,mrfalin
(1) 8%,16,1.48,201.0,2.4,116.3,88%,0.75,0.69,0.06,0.06,12,5,11,1,1,sage,mrfalin
(5) 50%,100,1.1,267.4,1.26,177.7,66%,0.98,0.17,0.18,0.11,98,78,17,18,11,yoru,xeus
(2) 20%,48,0.88,189.0,0.82,122.2,67%,0.65,0.21,0.27,0.23,31,38,10,13,11,neon,xeus
(2) 20%,45,0.69,165.5,0.65,112.6,76%,0.53,0.22,0.09,0.11,24,37,10,4,5,waylay,xeus
(1) 10%,24,1.04,250.0,1.05,165.2,63%,0.83,0.21,0.0,0.21,20,19,5,0,5,jett,xeus
(8) 67%,172,1.22,225.4,1.23,147.0,73%,0.8,0.26,0.1,0.08,138,112,45,18,14,cypher,yetujey
(3) 25%,58,1.23,240.7,1.47,152.1,76%,0.86,0.24,0.19,0.16,50,34,14,11,9,waylay,yetujey
(1) 8%,24,0.61,162.0,0.6,111.9,67%,0.5,0.25,0.13,0.25,12,20,6,3,6,vyse,yetujey
(4) 40%,90,0.93,187.0,0.88,131.1,64%,0.63,0.27,0.09,0.11,57,65,24,8,10,viper,anima
(3) 30%,58,1.07,197.0,1.33,130.4,72%,0.76,0.19,0.07,0.09,44,33,11,4,5,cypher,anima
(2) 20%,45,0.94,184.0,0.88,122.8,56%,0.64,0.33,0.02,0.09,29,33,15,1,4,sage,anima
(1) 10%,24,1.17,179.0,1.25,120.1,83%,0.63,0.5,0.04,0.04,15,12,12,1,1,kayo,anima
(1) 33%,26,0.77,169.0,0.74,112.1,54%,0.54,0.42,0.15,0.23,14,19,11,4,6,cypher,saadhak
(1) 33%,26,0.85,174.0,0.74,120.5,69%,0.54,0.5,0.08,0.12,14,19,13,2,3,kayo,saadhak
(1) 33%,21,0.82,189.0,0.78,125.7,62%,0.67,0.24,0.1,0.05,14,18,5,2,1,deadlock,saadhak
(1) 33%,26,1.03,221.0,1.47,136.0,65%,0.85,0.08,0.12,0.15,22,15,2,3,4,phoenix,avez
(1) 33%,26,0.89,146.0,0.82,111.0,69%,0.54,0.35,0.12,0.04,14,17,9,3,1,sova,avez
(1) 33%,21,0.72,124.0,0.57,85.2,57%,0.38,0.19,0.0,0.1,8,14,4,0,2,gekko,avez
(2) 67%,52,0.93,177.0,1.06,114.3,75%,0.65,0.31,0.02,0.1,34,32,16,1,5,omen,suygetsu
(1) 33%,21,1.69,318.0,2.0,191.9,86%,1.14,0.38,0.1,0.1,24,12,8,2,2,astra,suygetsu
(2) 67%,47,0.98,211.0,1.09,131.2,64%,0.81,0.09,0.15,0.21,38,35,4,7,10,yoru,marteen
(1) 33%,26,0.87,202.0,0.9,118.1,62%,0.69,0.23,0.19,0.08,18,20,6,5,2,brimstone,marteen
(2) 100%,44,0.93,226.5,0.9,155.3,64%,0.8,0.23,0.14,0.23,35,39,10,6,10,yoru,derke
(18) 60%,375,1.17,230.3,1.2,156.4,72%,0.79,0.31,0.09,0.08,296,246,115,34,31,viper,chronicle
(5) 17%,111,1.19,217.4,1.19,146.0,66%,0.78,0.3,0.11,0.06,87,73,33,12,7,vyse,chronicle
(5) 17%,107,0.87,158.8,0.85,111.9,69%,0.58,0.21,0.07,0.03,62,73,23,8,3,breach,chronicle
(2) 7%,41,1.02,196.5,1.0,133.1,68%,0.73,0.29,0.07,0.22,30,30,12,3,9,cypher,chronicle
(1) 50%,19,0.93,245.0,0.94,142.5,89%,0.84,0.26,0.05,0.0,16,17,5,1,0,astra,kovaq
(1) 50%,19,0.92,234.0,0.94,134.2,68%,0.84,0.11,0.11,0.11,16,17,2,2,2,omen,kovaq
(1) 50%,24,1.34,199.0,1.21,128.8,75%,0.71,0.33,0.0,0.0,17,14,8,0,0,vyse,sayf
(1) 50%,20,0.85,153.0,0.67,116.0,65%,0.5,0.05,0.05,0.15,10,15,1,1,3,iso,sayf
(19) 56%,409,0.79,140.7,0.7,90.1,69%,0.48,0.38,0.05,0.1,195,279,155,19,42,omen,boaster
(15) 44%,305,0.91,149.2,0.83,99.3,68%,0.5,0.31,0.05,0.06,154,186,95,14,19,astra,boaster
(18) 53%,402,1.04,181.9,0.99,125.8,71%,0.63,0.29,0.06,0.07,252,254,116,26,28,sova,crashies
(16) 47%,312,0.93,174.4,0.93,112.4,73%,0.61,0.29,0.05,0.08,191,205,91,15,25,fade,crashies
(23) 68%,477,1.17,232.3,1.23,151.6,69%,0.84,0.17,0.18,0.13,400,325,81,86,63,yoru,kaajak
(4) 12%,86,0.92,197.0,0.95,130.5,64%,0.72,0.14,0.23,0.12,62,65,12,20,10,waylay,kaajak
(4) 12%,82,1.16,246.3,1.2,155.6,77%,0.87,0.27,0.21,0.15,71,59,22,17,12,raze,kaajak
(3) 9%,69,0.77,168.0,0.75,105.3,59%,0.57,0.12,0.14,0.16,39,52,8,10,11,neon,kaajak
(2) 50%,34,0.85,191.0,0.88,136.4,68%,0.65,0.29,0.03,0.09,22,25,10,1,3,viper,veqaj
(1) 25%,28,0.88,174.0,0.95,114.2,64%,0.64,0.21,0.04,0.11,18,19,6,1,3,breach,veqaj
(1) 25%,18,1.28,193.0,1.67,144.0,78%,0.83,0.06,0.11,0.0,15,9,1,2,0,cypher,veqaj
(8) 26%,179,1.15,232.9,1.24,156.5,69%,0.8,0.12,0.14,0.09,144,116,21,25,17,killjoy,alfajer
(5) 16%,99,1.08,215.2,1.18,145.3,69%,0.8,0.21,0.14,0.11,79,67,21,14,11,vyse,alfajer
(4) 13%,91,1.13,232.0,1.17,148.0,73%,0.82,0.3,0.16,0.09,75,64,27,15,8,sage,alfajer
(4) 13%,86,0.99,198.8,1.11,127.2,69%,0.73,0.13,0.14,0.07,63,57,11,12,6,cypher,alfajer
(3) 10%,56,0.95,163.3,0.97,110.2,70%,0.61,0.14,0.07,0.09,34,35,8,4,5,tejo,alfajer
(2) 6%,46,1.01,263.0,1.13,158.7,72%,0.96,0.17,0.24,0.15,44,39,8,11,7,waylay,alfajer
(2) 6%,41,0.74,194.5,0.77,118.6,59%,0.66,0.17,0.1,0.22,27,35,7,4,9,neon,alfajer
(2) 6%,34,1.15,241.0,1.17,158.6,71%,0.82,0.29,0.24,0.15,28,24,10,8,5,raze,alfajer
(1) 3%,20,0.65,179.0,0.67,121.7,60%,0.6,0.05,0.15,0.25,12,18,1,3,5,chamber,alfajer
(16) 73%,335,0.91,157.5,0.79,102.0,71%,0.55,0.5,0.05,0.1,183,233,168,17,34,omen,boo
(2) 9%,49,0.88,128.0,0.75,83.7,76%,0.43,0.51,0.08,0.06,21,28,25,4,3,astra,boo
(2) 9%,44,0.98,176.0,0.94,114.9,77%,0.66,0.36,0.07,0.09,29,31,16,3,4,brimstone,boo
(2) 9%,35,0.57,134.0,0.5,98.1,60%,0.43,0.23,0.06,0.0,15,30,8,2,0,viper,boo
(5) 23%,100,0.99,213.8,1.04,136.8,72%,0.78,0.11,0.12,0.13,78,75,11,12,13,jett,wo0t
(4) 18%,97,1.12,244.5,1.14,163.2,80%,0.84,0.2,0.14,0.09,81,71,19,14,9,raze,wo0t
(4) 18%,79,1.09,218.5,1.21,151.3,62%,0.81,0.15,0.2,0.14,64,53,12,16,11,chamber,wo0t
(4) 18%,79,0.97,209.8,0.91,129.1,76%,0.76,0.2,0.11,0.11,60,66,16,9,9,yoru,wo0t
(3) 14%,68,0.71,146.3,0.64,99.5,71%,0.47,0.15,0.09,0.1,32,50,10,6,7,viper,wo0t
(1) 5%,20,0.81,192.0,0.87,136.5,70%,0.65,0.3,0.15,0.25,13,15,6,3,5,iso,wo0t
(1) 5%,20,0.59,131.0,0.5,96.2,65%,0.4,0.45,0.05,0.1,8,16,9,1,2,sova,wo0t
(8) 50%,172,1.12,210.1,1.07,141.1,75%,0.76,0.37,0.06,0.05,130,121,64,10,8,fade,riens
(8) 50%,163,1.07,224.5,1.06,149.6,69%,0.78,0.23,0.06,0.04,127,120,37,10,7,sova,riens
(7) 32%,143,0.86,166.4,0.81,103.0,67%,0.59,0.27,0.08,0.11,84,104,38,11,16,cypher,benjyfishy
(5) 23%,117,0.99,194.0,1.0,129.3,73%,0.64,0.23,0.11,0.09,75,75,27,13,11,viper,benjyfishy
(4) 18%,79,0.92,182.0,0.82,125.7,76%,0.62,0.3,0.05,0.04,49,60,24,4,3,deadlock,benjyfishy
(3) 14%,68,1.01,207.7,0.96,133.6,71%,0.71,0.28,0.06,0.04,48,50,19,4,3,vyse,benjyfishy
(3) 14%,56,0.83,198.0,0.82,126.3,63%,0.75,0.05,0.09,0.05,42,51,3,5,3,killjoy,benjyfishy
(3) 50%,73,0.76,149.3,0.75,99.3,75%,0.52,0.14,0.14,0.08,38,51,10,10,6,chamber,comeback
(2) 33%,41,1.07,239.5,0.97,148.0,63%,0.83,0.17,0.2,0.1,34,35,7,8,4,neon,comeback
(1) 17%,14,0.13,66.0,0.14,50.9,36%,0.14,0.29,0.07,0.14,2,14,4,1,2,waylay,comeback
(4) 40%,78,1.03,200.0,1.06,125.4,69%,0.71,0.23,0.15,0.13,55,52,18,12,10,omen,shao
(3) 30%,61,1.12,203.0,1.25,128.2,79%,0.74,0.23,0.1,0.03,45,36,14,6,2,fade,shao
(2) 20%,35,1.04,191.5,1.09,115.5,83%,0.69,0.4,0.09,0.03,24,22,14,3,1,sage,shao
(1) 10%,19,1.47,310.0,1.54,201.9,89%,1.05,0.32,0.11,0.11,20,13,6,2,2,sova,shao
(6) 60%,113,1.33,254.3,1.53,164.1,80%,0.92,0.3,0.12,0.08,104,68,34,13,9,viper,ruxic
(4) 40%,80,1.19,226.8,1.25,147.0,75%,0.83,0.43,0.08,0.06,66,53,34,6,5,omen,ruxic
(6) 60%,113,1.19,223.0,1.27,143.3,79%,0.8,0.23,0.08,0.08,90,71,26,9,9,killjoy,hiro
(2) 20%,42,1.3,238.5,1.41,148.5,83%,0.9,0.4,0.19,0.1,38,27,17,8,4,viper,hiro
(2) 20%,38,0.8,181.0,0.75,116.2,63%,0.63,0.16,0.13,0.05,24,32,6,5,2,cypher,hiro
(4) 36%,82,0.93,173.0,0.82,114.3,70%,0.57,0.54,0.05,0.12,47,57,44,4,10,kayo,jamppi
(3) 27%,63,0.9,190.7,0.89,124.1,75%,0.65,0.24,0.05,0.08,41,46,15,3,5,sova,jamppi
(2) 18%,45,0.84,156.0,0.75,111.4,60%,0.53,0.18,0.0,0.02,24,32,8,0,1,fade,jamppi
(1) 9%,22,1.17,201.0,1.14,131.2,91%,0.73,0.32,0.14,0.0,16,14,7,3,0,breach,jamppi
(1) 9%,20,0.69,153.0,0.53,109.1,60%,0.45,0.15,0.05,0.1,9,17,3,1,2,gekko,jamppi
(4) 36%,82,0.81,170.5,0.73,112.1,62%,0.57,0.21,0.11,0.02,47,64,17,9,2,tejo,sociablee
(2) 18%,45,0.59,151.0,0.64,102.3,58%,0.56,0.07,0.2,0.22,25,39,3,9,10,yoru,sociablee
(2) 18%,44,1.59,327.5,1.72,204.0,77%,1.25,0.07,0.11,0.02,55,32,3,5,1,deadlock,sociablee
(2) 18%,39,0.73,183.5,0.73,115.1,69%,0.62,0.33,0.1,0.1,24,33,13,4,4,omen,sociablee
(1) 9%,22,0.87,188.0,0.75,136.5,68%,0.55,0.45,0.09,0.05,12,16,10,2,1,sova,sociablee
(7) 64%,148,0.89,174.1,0.89,115.8,66%,0.62,0.3,0.08,0.07,92,103,44,12,11,omen,profek
(2) 18%,45,1.07,188.5,0.91,142.0,69%,0.69,0.36,0.04,0.04,31,34,16,2,2,brimstone,profek
(2) 18%,39,1.14,227.5,1.17,156.8,72%,0.87,0.26,0.08,0.05,34,29,10,3,2,viper,profek
(6) 55%,123,1.03,218.8,1.1,148.6,68%,0.81,0.16,0.14,0.22,100,91,20,17,27,jett,lewn
(2) 18%,45,0.94,222.5,0.89,153.1,58%,0.76,0.13,0.11,0.18,34,38,6,5,8,iso,lewn
(2) 18%,44,0.55,113.0,0.48,77.4,57%,0.36,0.16,0.07,0.14,16,33,7,3,6,neon,lewn
(1) 9%,20,0.39,114.0,0.32,80.3,45%,0.3,0.25,0.1,0.25,6,19,5,2,5,yoru,lewn
(9) 56%,188,1.0,198.4,1.02,128.6,77%,0.69,0.27,0.06,0.07,129,127,50,11,14,cypher,nats
(5) 31%,124,1.26,248.6,1.29,164.0,66%,0.86,0.25,0.15,0.07,107,83,31,18,9,viper,nats
(1) 6%,22,1.36,242.0,1.58,151.5,95%,0.86,0.5,0.05,0.05,19,12,11,1,1,vyse,nats
(1) 6%,21,0.77,195.0,0.82,126.2,62%,0.67,0.14,0.19,0.24,14,17,3,4,5,waylay,nats
(7) 44%,153,0.98,190.7,1.04,130.1,71%,0.71,0.24,0.14,0.19,108,104,37,21,29,yoru,kamo
(5) 31%,109,0.94,208.0,1.04,131.4,67%,0.74,0.11,0.16,0.19,81,78,12,17,21,jett,kamo
(3) 19%,72,0.8,191.7,0.77,123.7,63%,0.61,0.11,0.18,0.19,44,57,8,13,14,raze,kamo
(1) 6%,21,0.88,135.0,0.75,98.5,71%,0.43,0.19,0.1,0.29,9,12,4,2,6,neon,kamo
(17) 57%,337,1.05,197.5,1.04,134.2,72%,0.67,0.32,0.1,0.05,226,217,108,34,18,sova,cloud
(8) 27%,164,1.02,194.3,0.98,128.9,69%,0.68,0.28,0.04,0.09,112,114,46,7,15,fade,cloud
(5) 17%,109,0.86,172.4,0.85,119.0,68%,0.61,0.3,0.04,0.09,67,79,33,4,10,gekko,cloud
(24) 80%,483,0.92,187.2,0.9,120.4,73%,0.65,0.4,0.11,0.09,314,348,193,55,44,omen,grubinho
(5) 17%,108,1.14,197.2,1.1,133.0,72%,0.71,0.39,0.11,0.1,77,70,42,12,11,astra,grubinho
(1) 3%,19,0.37,108.0,0.44,81.8,53%,0.37,0.16,0.11,0.32,7,16,3,2,6,viper,grubinho
(23) 77%,464,1.05,194.0,1.11,129.5,69%,0.72,0.2,0.09,0.1,335,301,92,41,47,cypher,westside
(4) 13%,90,1.06,203.8,1.15,120.2,71%,0.77,0.27,0.13,0.09,69,60,24,12,8,deadlock,westside
(1) 3%,19,1.27,271.0,1.13,164.7,68%,0.95,0.11,0.21,0.0,18,16,2,4,0,killjoy,westside
(1) 3%,19,0.74,162.0,0.63,98.5,37%,0.53,0.0,0.11,0.0,10,16,0,2,0,vyse,westside
(1) 3%,18,0.58,149.0,0.56,107.0,61%,0.5,0.22,0.11,0.28,9,16,4,2,5,viper,westside
(11) 37%,213,0.98,170.8,0.95,114.6,77%,0.6,0.47,0.04,0.07,128,135,101,8,14,breach,flickless
(10) 33%,212,0.92,186.3,0.9,124.2,72%,0.63,0.34,0.08,0.06,133,147,72,18,13,viper,flickless
(9) 30%,185,1.11,211.8,1.0,135.0,77%,0.68,0.62,0.06,0.06,125,125,115,12,11,kayo,flickless
(12) 40%,237,1.11,225.8,1.23,147.4,73%,0.84,0.15,0.2,0.09,198,161,36,48,22,neon,ara
(10) 33%,211,0.91,194.3,0.9,129.2,65%,0.66,0.17,0.19,0.11,140,155,35,41,24,raze,ara
(7) 23%,143,1.26,243.6,1.4,160.7,70%,0.88,0.13,0.2,0.19,126,90,19,29,27,jett,ara
(1) 3%,19,0.85,166.0,0.83,100.2,58%,0.53,0.05,0.05,0.16,10,12,1,1,3,yoru,ara
(7) 54%,148,0.98,186.4,0.98,132.8,66%,0.68,0.2,0.06,0.07,100,102,29,9,11,sova,nobody
(6) 46%,143,0.97,178.8,1.01,117.1,74%,0.66,0.19,0.08,0.07,95,94,27,12,10,fade,nobody
(10) 77%,231,0.99,219.4,1.05,134.9,64%,0.77,0.21,0.17,0.14,178,170,49,40,33,yoru,zmjjkk
(2) 15%,44,0.86,199.5,0.81,133.0,59%,0.66,0.14,0.25,0.14,29,36,6,11,6,jett,zmjjkk
(1) 8%,16,1.75,358.0,2.44,209.5,63%,1.38,0.06,0.25,0.25,22,9,1,4,4,neon,zmjjkk
(5) 38%,97,0.92,155.6,0.94,107.0,71%,0.53,0.25,0.05,0.09,51,54,24,5,9,cypher,chichoo
(4) 31%,96,1.14,206.0,1.33,138.5,77%,0.76,0.16,0.08,0.06,73,55,15,8,6,viper,chichoo
(2) 15%,47,0.69,147.0,0.67,99.8,68%,0.47,0.21,0.13,0.06,22,33,10,6,3,vyse,chichoo
(1) 8%,32,0.85,191.0,0.84,130.4,66%,0.66,0.38,0.09,0.13,21,25,12,3,4,sage,chichoo
(1) 8%,19,0.59,109.0,0.47,80.8,47%,0.37,0.32,0.0,0.11,7,15,6,0,2,astra,chichoo
(11) 85%,237,1.02,192.6,1.02,126.2,72%,0.7,0.34,0.07,0.04,166,162,80,17,9,omen,smoggy
(2) 15%,54,1.06,204.0,0.97,135.8,80%,0.65,0.46,0.07,0.07,35,36,25,4,4,brimstone,smoggy
(5) 38%,111,0.84,213.2,0.91,126.2,70%,0.73,0.19,0.15,0.12,81,89,21,17,13,neon,jieni7
(3) 23%,73,1.13,255.0,1.22,168.0,68%,0.85,0.12,0.18,0.12,62,51,9,13,9,raze,jieni7
(2) 15%,44,0.89,194.5,0.83,123.3,64%,0.66,0.48,0.11,0.09,29,35,21,5,4,kayo,jieni7
(1) 8%,28,0.85,180.0,0.86,118.7,61%,0.64,0.14,0.07,0.07,18,21,4,2,2,tejo,jieni7
(1) 8%,19,0.71,185.0,0.69,112.2,58%,0.58,0.05,0.16,0.05,11,16,1,3,1,waylay,jieni7
(1) 8%,16,1.28,259.0,1.56,154.4,81%,0.88,0.75,0.06,0.06,14,9,12,1,1,breach,jieni7
(8) 44%,168,,177.9,0.83,,,0.57,0.48,,,96,115,81,0,0,omen,berlin
(4) 22%,79,,187.0,1.18,,,0.67,0.34,,,53,45,27,0,0,fade,berlin
(3) 17%,69,,276.3,1.37,,,0.91,0.38,,,63,46,26,0,0,sova,berlin
(2) 11%,46,,191.5,1.0,,,0.7,0.13,,,32,32,6,0,0,tejo,berlin
(1) 6%,23,,137.0,0.67,,,0.43,0.48,,,10,15,11,0,0,brimstone,berlin
(8) 44%,173,,187.1,0.91,,,0.67,0.17,,,116,127,30,0,0,neon,life
(5) 28%,113,,196.2,0.92,,,0.67,0.13,,,76,83,15,0,0,waylay,life
(3) 17%,53,,261.0,1.63,,,0.92,0.21,,,49,30,11,0,0,raze,life
(1) 6%,23,,129.0,0.69,,,0.48,0.09,,,11,16,2,0,0,yoru,life
(1) 6%,23,,143.0,0.75,,,0.52,0.09,,,12,16,2,0,0,jett,life
(6) 33%,134,,233.5,1.29,,,0.86,0.21,,,115,89,28,0,0,sova,aaaay
(4) 22%,82,,201.3,1.24,,,0.76,0.2,,,62,50,16,0,0,deadlock,aaaay
(3) 17%,69,,196.0,1.04,,,0.72,0.28,,,50,48,19,0,0,cypher,aaaay
(3) 17%,57,,225.0,1.35,,,0.81,0.33,,,46,34,19,0,0,fade,aaaay
(2) 11%,43,,219.5,1.26,,,0.79,0.21,,,34,27,9,0,0,veto,aaaay
(7) 50%,148,,198.4,1.14,,,0.71,0.26,,,105,92,39,0,0,viper,setrod
(3) 21%,48,1.19,218.0,1.43,142.8,92%,0.83,0.21,0.15,0.06,40,28,10,7,3,vyse,setrod
(2) 14%,46,,199.0,1.07,,,0.7,0.26,,,32,30,12,0,0,sova,setrod
(1) 7%,17,0.61,153.0,0.91,109.6,65%,0.59,0.06,0.06,0.18,10,11,1,1,3,cypher,setrod
(1) 7%,15,0.77,128.0,1.0,89.0,87%,0.47,0.27,0.07,0.07,7,7,4,1,1,deadlock,setrod
(8) 62%,173,,162.8,0.86,,,0.57,0.36,,,99,115,63,0,0,omen,luok1ng
(3) 23%,61,,155.7,0.78,,,0.52,0.36,,,32,41,22,0,0,astra,luok1ng
(2) 15%,33,,122.0,0.64,,,0.42,0.3,,,14,22,10,0,0,brimstone,luok1ng
(7) 54%,143,,231.6,1.16,,,0.81,0.18,,,116,100,26,0,0,yoru,kai
(6) 46%,124,,218.2,1.08,,,0.77,0.13,,,96,89,16,0,0,neon,kai
(5) 38%,117,,177.6,0.95,,,0.63,0.15,,,74,78,17,0,0,cypher,mart1n
(4) 31%,76,,155.0,0.74,,,0.55,0.13,,,42,57,10,0,0,viper,mart1n
(4) 31%,74,,162.8,0.71,,,0.57,0.11,,,42,59,8,0,0,killjoy,mart1n
(10) 56%,204,0.97,220.1,0.98,140.0,68%,0.78,0.22,0.18,0.2,160,163,44,37,41,neon,whzy
(6) 33%,134,1.18,243.3,1.14,163.4,75%,0.85,0.21,0.13,0.1,114,100,28,17,14,raze,whzy
(1) 6%,22,1.11,215.0,1.0,143.0,68%,0.73,0.23,0.14,0.23,16,16,5,3,5,jett,whzy
(1) 6%,17,0.24,110.0,0.31,77.6,53%,0.29,0.24,0.06,0.29,5,16,4,1,5,yoru,whzy
(7) 39%,139,0.86,175.3,0.92,112.1,65%,0.65,0.21,0.1,0.09,90,98,29,14,13,cypher,levius
(5) 28%,105,0.86,190.0,0.83,128.4,72%,0.61,0.22,0.07,0.11,64,77,23,7,12,vyse,levius
(4) 22%,91,0.9,179.3,0.87,114.0,65%,0.58,0.29,0.1,0.15,53,61,26,9,14,viper,levius
(2) 11%,42,0.87,175.5,0.89,118.3,62%,0.6,0.14,0.07,0.07,25,28,6,3,3,killjoy,levius
(10) 56%,204,1.03,176.2,0.95,116.2,77%,0.6,0.42,0.08,0.08,123,130,85,17,16,omen,rushia
(4) 22%,88,1.26,251.0,1.25,156.8,78%,0.85,0.33,0.1,0.11,75,60,29,9,10,viper,rushia
(2) 11%,46,1.11,189.0,1.07,114.5,70%,0.67,0.41,0.0,0.09,31,29,19,0,4,brimstone,rushia
(2) 11%,39,0.53,128.0,0.4,90.2,59%,0.36,0.28,0.03,0.13,14,35,11,1,5,harbor,rushia
(5) 28%,105,1.14,189.8,0.96,118.6,72%,0.66,0.7,0.1,0.08,69,72,74,10,8,kayo,nephh
(5) 28%,105,1.04,206.8,1.11,121.1,69%,0.76,0.34,0.09,0.1,80,72,36,9,11,omen,nephh
(5) 28%,100,1.03,155.2,0.93,109.4,78%,0.54,0.44,0.02,0.06,54,58,44,2,6,breach,nephh
(2) 11%,45,1.09,186.0,1.07,119.4,73%,0.67,0.29,0.11,0.02,30,28,13,5,1,deadlock,nephh
(1) 6%,22,1.13,208.0,0.88,119.0,73%,0.68,0.45,0.09,0.0,15,17,10,2,0,viper,nephh
(12) 67%,243,1.19,227.8,1.2,149.1,69%,0.81,0.2,0.09,0.08,196,164,49,22,19,sova,knight
(6) 33%,134,1.05,184.7,1.03,118.6,74%,0.66,0.36,0.08,0.08,89,86,48,11,11,fade,knight
(15) 50%,316,1.25,188.3,1.13,146.4,84%,0.67,0.42,0.06,0.01,213,188,134,5,1,fade,nicc
(5) 17%,118,0.89,162.8,0.83,114.4,70%,0.58,0.43,0.0,0.05,68,82,51,0,6,breach,nicc
(5) 17%,102,0.77,175.8,0.72,125.0,69%,0.56,0.44,0.05,0.14,57,79,45,3,9,sova,nicc
(4) 13%,80,0.93,193.5,0.95,151.1,66%,0.65,0.23,0.02,0.07,52,55,18,1,3,gekko,nicc
(1) 3%,14,,303.0,2.14,,,1.07,1.07,,,15,7,15,0,0,skye,nicc
(28) 93%,598,1.03,189.9,1.04,122.1,77%,0.68,0.5,0.07,0.08,405,390,297,20,24,omen,flex1n
(1) 3%,18,1.08,164.0,0.91,100.0,78%,0.56,0.28,0.06,0.11,10,11,5,1,2,astra,flex1n
(1) 3%,14,,215.0,1.25,,,0.71,1.43,,,10,8,20,0,0,brimstone,flex1n
(20) 77%,406,1.22,230.0,1.4,155.1,81%,0.83,0.22,0.08,0.07,339,243,90,12,10,cypher,vo0kashu
(4) 15%,82,1.1,220.5,1.09,169.0,61%,0.71,0.41,0.06,0.0,58,53,34,1,0,vyse,vo0kashu
(2) 8%,44,0.94,173.0,0.93,118.9,73%,0.61,0.2,0.11,0.07,27,29,9,5,3,iso,vo0kashu
(17) 57%,355,0.81,223.1,1.03,130.4,62%,0.75,0.24,0.13,0.19,268,259,85,22,33,neon,akeman
(6) 20%,130,0.87,217.0,1.05,124.4,63%,0.78,0.17,0.19,0.15,102,97,22,13,10,waylay,akeman
(4) 13%,87,0.64,180.5,0.78,130.0,78%,0.62,0.44,0.09,0.13,54,69,38,2,3,clove,akeman
(2) 7%,44,0.75,161.0,0.74,103.9,66%,0.57,0.23,0.05,0.07,25,34,10,2,3,cypher,akeman
(1) 3%,14,,306.0,2.43,,,1.21,0.21,,,17,7,3,0,0,jett,akeman
(29) 97%,616,1.01,245.1,1.15,148.4,69%,0.86,0.23,0.2,0.15,532,462,144,63,45,yoru,spiritz1
(1) 3%,14,,258.0,1.56,,,1.0,0.43,,,14,9,6,0,0,reyna,spiritz1
(10) 48%,211,,197.7,1.08,,,0.7,0.18,,,148,137,38,0,0,cypher,kklin
(6) 29%,119,,229.7,1.19,,,0.8,0.27,,,95,80,32,0,0,viper,kklin
(3) 14%,61,,168.3,0.9,,,0.57,0.36,,,35,39,22,0,0,vyse,kklin
(1) 5%,18,,157.0,0.67,,,0.56,0.06,,,10,15,1,0,0,neon,kklin
(1) 5%,14,,272.0,2.33,,,1.0,0.14,,,14,6,2,0,0,killjoy,kklin
(8) 38%,152,,258.5,1.44,,,0.97,0.18,,,148,103,27,0,0,neon,stew
(6) 29%,119,,284.5,1.55,,,1.02,0.2,,,121,78,24,0,0,raze,stew
(5) 24%,113,,191.6,0.89,,,0.66,0.19,,,75,84,22,0,0,waylay,stew
(2) 10%,39,,334.0,2.0,,,1.23,0.26,,,48,24,10,0,0,yoru,stew
(17) 81%,345,,199.3,1.11,,,0.73,0.41,,,253,227,141,0,0,omen,jkuro
(3) 14%,64,,142.3,0.75,,,0.47,0.55,,,30,40,35,0,0,breach,jkuro
(1) 5%,14,,115.0,0.86,,,0.43,0.57,,,6,7,8,0,0,astra,jkuro
(16) 76%,326,,213.9,1.19,,,0.76,0.2,,,248,209,66,0,0,yoru,zhe
(3) 14%,72,,225.7,1.15,,,0.75,0.46,,,54,47,33,0,0,viper,zhe
(1) 5%,28,,305.0,1.83,,,1.18,0.25,,,33,18,7,0,0,neon,zhe
(1) 5%,23,,282.0,1.57,,,0.96,0.13,,,22,14,3,0,0,jett,zhe
(7) 32%,148,,192.0,1.07,,,0.65,0.35,,,96,90,52,0,0,sova,yuicaw
(6) 27%,127,,180.5,0.91,,,0.63,0.18,,,80,88,23,0,0,fade,yuicaw
(4) 18%,81,,196.0,0.88,,,0.65,0.51,,,53,60,41,0,0,omen,yuicaw
(3) 14%,65,,220.3,0.98,,,0.72,0.58,,,47,48,38,0,0,breach,yuicaw
(2) 9%,42,,204.5,0.87,,,0.64,0.57,,,27,31,24,0,0,kayo,yuicaw
(4) 67%,84,1.01,238.0,1.4,116.7,65%,0.87,0.3,0.0,0.12,73,52,25,0,5,sova,shr1mp
(2) 33%,38,0.37,182.0,0.9,60.0,43%,0.68,0.42,0.0,0.07,26,29,16,0,1,fade,shr1mp
(2) 67%,35,0.88,219.0,0.84,142.6,60%,0.74,0.14,0.09,0.17,26,31,5,3,6,yoru,spitfires
(1) 33%,22,0.77,209.0,0.78,137.0,64%,0.64,0.18,0.14,0.18,14,18,4,3,4,jett,spitfires
(1) 33%,22,1.03,202.0,1.0,143.0,68%,0.68,0.09,0.14,0.09,15,15,2,3,2,killjoy,hanche
(1) 33%,21,0.83,175.0,0.8,122.0,57%,0.57,0.24,0.05,0.05,12,15,5,1,1,cypher,hanche
(1) 33%,14,0.54,143.0,0.46,97.0,43%,0.43,0.21,0.0,0.07,6,13,3,0,1,viper,hanche
(2) 33%,41,1.52,320.5,1.74,204.0,82%,1.15,0.24,0.18,0.09,47,27,10,4,2,viper,k1ra
(1) 17%,24,,206.0,1.0,,,0.71,0.13,,,17,17,3,0,0,vyse,k1ra
(1) 17%,22,,172.0,0.93,,,0.59,0.27,,,13,14,6,0,0,cypher,k1ra
(1) 17%,21,0.9,166.0,0.71,110.0,71%,0.48,0.33,0.19,0.1,10,14,7,4,2,omen,k1ra
(1) 17%,14,0.95,209.0,0.69,114.0,50%,0.64,0.21,0.29,0.14,9,13,3,4,2,raze,k1ra
(2) 29%,43,1.37,207.5,1.0,177.0,58%,0.72,0.12,0.04,0.21,31,31,5,1,5,killjoy,slowly
(2) 29%,36,1.03,216.0,0.9,155.1,67%,0.78,0.28,0.14,0.14,28,31,10,5,5,yoru,slowly
(1) 14%,26,,196.0,0.77,,,0.65,0.38,,,17,22,10,0,0,cypher,slowly
(1) 14%,22,1.82,376.0,2.38,226.0,77%,1.41,0.0,0.27,0.14,31,13,0,6,3,jett,slowly
(1) 14%,16,,276.0,1.78,,,1.0,0.31,,,16,9,5,0,0,vyse,slowly
(2) 67%,42,,246.0,1.15,,,0.9,0.14,,,38,33,6,0,0,neon,splash
(1) 33%,19,,246.0,0.94,,,0.79,0.05,,,15,16,1,0,0,raze,splash
(3) 43%,55,0.81,226.3,1.15,158.0,55%,0.82,0.24,0.15,0.05,45,39,13,3,1,viper,scales
(1) 14%,26,,155.0,0.74,,,0.54,0.5,,,14,19,13,0,0,breach,scales
(1) 14%,24,0.59,89.0,0.41,61.0,54%,0.29,0.21,0.0,0.21,7,17,5,0,5,omen,scales
(1) 14%,22,0.8,140.0,0.69,105.0,68%,0.41,0.27,0.09,0.09,9,13,6,2,2,sova,scales
(1) 14%,16,1.67,358.0,1.36,229.0,75%,1.19,0.13,0.31,0.06,19,14,2,5,1,iso,scales
(3) 43%,55,0.67,118.7,0.57,115.0,75%,0.44,0.15,0.05,0.25,24,42,8,1,5,fade,sword9
(2) 29%,50,1.29,230.5,1.17,180.0,83%,0.84,0.16,0.0,0.0,42,36,8,0,0,sova,sword9
(2) 29%,38,0.59,125.0,0.53,91.7,63%,0.42,0.37,0.05,0.13,16,30,14,2,5,omen,sword9
(1) 25%,24,0.9,163.0,0.58,118.0,75%,0.46,0.5,0.0,0.0,11,19,12,0,0,kayo,yoyo
(1) 25%,22,0.87,177.0,1.07,127.0,73%,0.68,0.32,0.05,0.05,15,14,7,1,1,viper,yoyo
(1) 25%,20,0.55,125.0,0.35,92.0,75%,0.3,0.35,0.05,0.0,6,17,7,1,0,brimstone,yoyo
(1) 25%,16,0.49,119.0,0.4,84.0,63%,0.38,0.31,0.0,0.0,6,15,5,0,0,sova,yoyo
(10) 53%,212,0.41,152.0,0.78,62.0,68%,0.54,0.21,0.05,0.14,114,147,45,1,3,sova,siufatbb
(5) 26%,109,0.9,154.4,0.86,96.0,80%,0.51,0.34,0.02,0.07,56,65,37,1,3,fade,siufatbb
(3) 16%,66,,123.7,0.68,,,0.41,0.41,,,27,40,27,0,0,astra,siufatbb
(1) 5%,17,1.33,237.0,1.15,143.6,88%,0.88,0.47,0.0,0.0,15,13,8,0,0,skye,siufatbb
(6) 33%,131,0.75,197.8,0.98,105.5,73%,0.72,0.2,0.13,0.22,94,96,26,6,10,raze,satoshi
(5) 28%,110,,182.8,0.81,,,0.61,0.32,,,67,83,35,0,0,neon,satoshi
(4) 22%,81,0.25,121.8,0.5,55.2,46%,0.42,0.16,0.08,0.18,34,68,13,3,7,waylay,satoshi
(2) 11%,45,,285.0,1.34,,,1.04,0.13,,,47,35,6,0,0,chamber,satoshi
(1) 6%,23,,195.0,1.2,,,0.78,0.26,,,18,15,6,0,0,vyse,satoshi
(4) 24%,81,1.19,224.5,1.14,131.1,74%,0.79,0.41,0.08,0.1,64,56,33,3,4,kayo,jowa
(2) 12%,45,1.04,174.0,1.04,103.2,69%,0.62,0.29,0.09,0.09,28,27,13,4,4,astra,jowa
(2) 12%,39,1.44,266.0,1.61,160.5,85%,0.95,0.23,0.03,0.05,37,23,9,1,2,sova,jowa
(2) 12%,36,1.15,184.5,1.26,112.9,78%,0.67,0.58,0.03,0.0,24,19,21,1,0,skye,jowa
(1) 6%,24,,179.0,1.07,,,0.67,0.13,,,16,15,3,0,0,killjoy,jowa
(1) 6%,22,0.91,185.0,0.88,130.9,55%,0.68,0.32,0.14,0.14,15,17,7,3,3,omen,jowa
(1) 6%,22,1.14,174.0,1.08,113.2,82%,0.64,0.55,0.0,0.05,14,13,12,0,1,breach,jowa
(1) 6%,21,1.34,198.0,1.44,149.1,76%,0.62,0.67,0.05,0.0,13,9,14,1,0,fade,jowa
(1) 6%,20,0.86,166.0,0.71,97.7,90%,0.6,0.45,0.05,0.2,12,17,9,1,4,sage,jowa
(1) 6%,17,1.47,241.0,2.13,145.2,94%,1.0,0.35,0.12,0.06,17,8,6,2,1,yoru,jowa
(1) 6%,17,1.06,233.0,0.8,156.8,76%,0.71,0.53,0.0,0.12,12,15,9,0,2,brimstone,jowa
(13) 81%,266,1.05,200.2,0.99,146.9,68%,0.69,0.31,0.07,0.18,184,185,83,6,15,viper,yosemite
(2) 13%,51,,142.5,0.76,,,0.49,0.16,,,25,33,8,0,0,cypher,yosemite
(1) 6%,24,,218.0,1.29,,,0.75,0.25,,,18,14,6,0,0,killjoy,yosemite
(7) 37%,153,1.3,206.3,1.08,151.5,64%,0.76,0.24,0.05,0.0,117,108,37,1,0,omen,spring
(3) 16%,66,,280.0,1.6,,,1.02,0.26,,,67,42,17,0,0,sage,spring
(3) 16%,64,,216.3,0.94,,,0.72,0.22,,,46,49,14,0,0,viper,spring
(3) 16%,62,0.92,186.3,0.91,123.6,63%,0.66,0.15,0.11,0.1,41,45,9,7,6,veto,spring
(2) 11%,42,,208.5,1.19,,,0.74,0.62,,,31,26,26,0,0,astra,spring
(1) 5%,17,,199.0,0.86,,,0.71,0.29,,,12,14,5,0,0,neon,spring
(8) 89%,165,,212.1,1.2,,,0.76,0.38,,,125,104,63,0,0,omen,obone
(1) 11%,20,,155.0,0.67,,,0.5,0.4,,,10,15,8,0,0,brimstone,obone
(5) 36%,107,,205.8,1.05,,,0.74,0.28,,,79,75,30,0,0,cypher,ezeir
(4) 29%,78,,204.5,1.02,,,0.67,0.33,,,52,51,26,0,0,viper,ezeir
(4) 29%,67,,236.8,1.19,,,0.84,0.4,,,56,47,27,0,0,omen,ezeir
(1) 7%,22,,236.0,1.58,,,0.86,0.64,,,19,12,14,0,0,astra,ezeir
(7) 54%,153,,196.3,1.05,,,0.71,0.22,,,108,103,34,0,0,yoru,green
(2) 15%,46,,177.0,0.71,,,0.59,0.11,,,27,38,5,0,0,waylay,green
(2) 15%,34,,262.5,1.38,,,0.97,0.35,,,33,24,12,0,0,raze,green
(1) 8%,24,,226.0,1.19,,,0.79,0.42,,,19,16,10,0,0,kayo,green
(1) 8%,20,,102.0,0.39,,,0.35,0.15,,,7,18,3,0,0,sage,green
(6) 67%,125,,142.7,0.75,,,0.49,0.3,,,61,81,37,0,0,fade,heybay
(2) 22%,34,,276.5,2.13,,,1.0,0.79,,,34,16,27,0,0,skye,heybay
(1) 11%,26,,131.0,0.68,,,0.5,0.04,,,13,19,1,0,0,sova,heybay
(6) 43%,124,,197.7,0.9,,,0.71,0.2,,,88,98,25,0,0,neon,guang
(4) 29%,78,,233.3,1.18,,,0.83,0.13,,,65,55,10,0,0,waylay,guang
(2) 14%,34,,191.0,1.39,,,0.74,0.35,,,25,18,12,0,0,vyse,guang
(1) 7%,22,,190.0,1.08,,,0.64,0.14,,,14,13,3,0,0,cypher,guang
(1) 7%,16,,314.0,1.9,,,1.19,0.31,,,19,10,5,0,0,killjoy,guang
(12) 86%,264,,189.1,0.95,,,0.67,0.33,,,177,186,86,0,0,omen,haodong
(2) 14%,40,,186.5,0.81,,,0.63,0.35,,,25,31,14,0,0,brimstone,haodong
(8) 57%,179,,250.8,1.27,,,0.88,0.26,,,157,124,46,0,0,sova,lucas
(4) 29%,85,,231.3,1.25,,,0.88,0.25,,,75,60,21,0,0,fade,lucas
(2) 14%,40,,185.0,0.93,,,0.65,0.1,,,26,28,4,0,0,tejo,lucas
(6) 43%,131,,208.5,1.07,,,0.72,0.11,,,94,88,15,0,0,killjoy,abo
(4) 29%,87,,134.5,0.54,,,0.41,0.23,,,36,67,20,0,0,deadlock,abo
(3) 21%,69,,191.7,0.81,,,0.64,0.3,,,44,54,21,0,0,vyse,abo
(1) 7%,17,,254.0,1.25,,,0.88,0.06,,,15,12,1,0,0,viper,abo
(12) 86%,264,,196.8,1.02,,,0.71,0.22,,,187,183,57,0,0,viper,coco
(2) 14%,40,,166.0,1.13,,,0.65,0.2,,,26,23,8,0,0,fade,coco
